"レビュー対象商品","評価","タイトル","コメント"
"6P2XHMhK2qYJoYXNtoZkmc","5","甘さと酸味のバランスが絶妙！","普通の八朔よりも甘みがあり、酸味とのバランスがとても良かったです！爽やかな後味がクセになります。"
"6P2XHMhK2qYJoYXNtoZkmc","5","ジューシーでさっぱり！朝食にピッタリ","朝に食べるとスッキリ目が覚めます！果汁たっぷりで、とても爽やかな味わいでした。"
"6P2XHMhK2qYJoYXNtoZkmc","5","皮まで楽しめる！マーマレードに最","果肉はもちろん、皮を使ってマーマレードを作ったら絶品でした！紅八朔ならではのほろ苦さが最高です。"
"6P2XHMhK2qYJoYXNtoZkmc","5","グレープフルーツよりマイルドで食べやすい！","グレープフルーツのような爽やかさがありつつ、酸味が優しく食べやすかったです。"
"6P2XHMhK2qYJoYXNtoZkmc","5","爽やかな香りに癒されました","皮を剥いた瞬間から広がる柑橘の香りが最高！リラックスできる香りなので、お風呂に入れるのもアリかも？"
"6P2XHMhK2qYJoYXNtoZkmc","5","ほどよい甘さがちょうどいい！","みかんほど甘すぎず、でも八朔ほど酸っぱくない絶妙な味わいで、とても美味しかったです！"
"6P2XHMhK2qYJoYXNtoZkmc","5","大きくて食べごたえ抜群！","一つがずっしりしていて食べごたえがあります！ジューシーでお腹も満たされました。"
"6P2XHMhK2qYJoYXNtoZkmc","5","酸っぱいけど美味しい！ハマりそう","最初はちょっと酸っぱいかな？と思いましたが、食べるほどにクセになる味！もう一つ食べたくなります。"
"6P2XHMhK2qYJoYXNtoZkmc","4","皮が剥きやすくて食べやすい","思ったよりも簡単に皮が剥けるので、手軽に食べられるのが嬉しいです。"
"6P2XHMhK2qYJoYXNtoZkmc","4","紅八朔の果汁でジュースを作ったら最高でした！","絞ってジュースにしたら、甘みと酸味がちょうどよく、めちゃくちゃ美味しかったです！"
"6P2XHMhK2qYJoYXNtoZkmc","4","冷やして食べるとさらに美味しい！","冷蔵庫で冷やしてから食べたら、爽やかさが増してめちゃくちゃ美味しかったです！"
"6P2XHMhK2qYJoYXNtoZkmc","3","八朔よりも優しい味わいでリピ確定！","八朔は少し苦手でしたが、紅八朔は酸味と苦みが控えめで食べやすかったです。また買います！"
"6P2XHMhK2qYJoYXNtoZkmc","3","サラダに入れたら一気におしゃれな味に！","レタスと一緒にサラダに入れたら、さっぱりしてとても美味しかったです。おしゃれな食卓になりました！"
"6P2XHMhK2qYJoYXNtoZkmc","2","皮が厚くて剥くのが大変でした","味は美味しかったのですが、皮が厚くて手で剥くのに時間がかかりました。もっと簡単に食べられると思っていたので、少し残念です。"
"gPMswCubwF2skaQLRpUhvb","5","ぷりぷりの牡蠣と爽やかなレモンが最高！","身が大きくてぷりぷりの牡蠣でした！レモンを絞ると爽やかさが増して、より美味しく楽しめました。"
"gPMswCubwF2skaQLRpUhvb","5","濃厚な旨みがたまらない！また買いたい","瀬戸内の牡蠣らしい濃厚な旨みとクリーミーな食感が最高でした。新鮮で臭みもなく、大満足です！"
"gPMswCubwF2skaQLRpUhvb","5","焼き牡蠣にしたら絶品！","シンプルに焼き牡蠣にして、付属のレモンを絞ったらめちゃくちゃ美味しかったです。贅沢な気分になりました！"
"gPMswCubwF2skaQLRpUhvb","5","鮮度抜群！生でも美味しくいただきました","新鮮な牡蠣だったので、生食でポン酢＋レモンで食べました。とろける食感と磯の香りが最高です！"
"gPMswCubwF2skaQLRpUhvb","4","カキフライにしたら外はサクサク、中はジューシー！","大きめの牡蠣だったので、カキフライにしたら食べごたえ抜群でした！レモンを絞るとさらに美味しくなりました。"
"gPMswCubwF2skaQLRpUhvb","4","レモン付きが嬉しい！相性抜群のセット","牡蠣だけでなくレモンがセットなのが嬉しいポイント！酸味が牡蠣の旨みを引き立てて、さっぱり美味しくいただけました。"
"gPMswCubwF2skaQLRpUhvb","2","殻付きの処理が少し大変でした","殻付きなので新鮮なのは嬉しいのですが、自宅で剥くのが思ったより大変でした。牡蠣ナイフがあればよかったかな…。"
"gPMswCubwF2skaQLRpUhvb","3","バター焼きにしたらご飯が止まらない！","バター焼きにしてレモンをたっぷりかけたら、ご飯が進む味になりました！家族にも大好評でした。"
"r93GebKx1hTPeHqWnk4xmD","5","濃厚でクリーミー！牡蠣好きにはたまらない","身がしっかりしていて、濃厚でクリーミーな味わいでした。磯の香りも心地よく、大満足です！"
"r93GebKx1hTPeHqWnk4xmD","5","蒸し牡蠣にしたら旨みが凝縮！","殻付きのまま蒸したら、牡蠣の旨みがギュッと詰まってとても美味しかったです。レモンをかけるとさっぱりして最高！"
"r93GebKx1hTPeHqWnk4xmD","5","BBQで焼いたら絶品でした！","友人とBBQで焼き牡蠣にしたら、磯の香りとジューシーな旨みがたまりませんでした！リピート確定です。"
"r93GebKx1hTPeHqWnk4xmD","4","新鮮だからどんな食べ方でも美味しい！","生、焼き、蒸し、フライ…どの調理法でも絶品でした！新鮮な牡蠣だからこそ、いろいろ楽しめます。"
"r93GebKx1hTPeHqWnk4xmD","4","レモンが爽やかで、後味さっぱり！","瀬戸内産のレモンが酸味まろやかで、牡蠣と相性抜群！濃厚な牡蠣の後味がさっぱりして、いくらでも食べられそうです。"
"r93GebKx1hTPeHqWnk4xmD","3","レモンの酸味が思ったより控えめ","付属のレモンは香りが良かったですが、酸味が控えめで個人的にはもう少しキリッとした酸っぱさが欲しかったです。"
